"Retailer_Id","Year","KPI","KPI_Type","Method","Unit","Unit_Neum","Unit_Denom_1","Unit_Denom_2","Business_Scope","Value","New_Area","Total_Area","New_Store","Total_Store","Intensity"
"ALDI",2019,"Scope 1 and 2","Measure","Location","tCO2e","","","","UK",214364,50400,700980,60,830,0.305806157094354
"ALDI",2019,"Energy","Measure",NA,"GWh","","","","UK",750.247,50400,700980,60,830,0.00107028303232617
"ALDI",2019,"Scope 1 - 3","Measure","Location","tCO2e","","","","UK",239317,50400,700980,60,830,0.341403463722217
"ALDI",2019,"Scope 2","Measure","Location","tCO2e","","","","UK",100831,50400,700980,60,830,0.143842905646381
"ALDI",2019,"Scope 1","Measure",NA,"tCO2e","","","","UK",113533,50400,700980,60,830,0.161963251447973
"ALDI",2019,"Scope 2","Measure","Market","tCO2e","","","","UK",0,50400,700980,60,830,0
"ALDI",2019,"Scope 3","Measure",NA,"tCO2e","","","","UK",24953,50400,700980,60,830,0.0355973066278638
"ALDI",2019,"Scope 1 and 2","Measure","Market","tCO2e","","","","UK",113533,50400,700980,60,830,0.161963251447973
"ALDI",2019,"Scope 1 - 3","Measure","Market","tCO2e","","","","UK",138486,50400,700980,60,830,0.197560558075837
"ALDI",2020,"Scope 1 and 2","Measure","Location","tCO2e","","","","UK",208547,42840,743820,51,881,0.28037293968971
"ALDI",2020,"Scope 1","Measure",NA,"tCO2e","","","","UK",106812,42840,743820,51,881,0.143599257884972
"ALDI",2020,"Scope 2","Measure","Location","tCO2e","","","","UK",101734,42840,743820,51,881,0.136772337393455
"ALDI",2020,"Scope 1 - 3","Measure","Location","tCO2e","","","","UK",232957,42840,743820,51,881,0.31319001909064
"ALDI",2020,"Energy","Measure",NA,"GWh","","","","UK",795.826,42840,743820,51,881,0.00106991745314727
"ALDI",2020,"Scope 1 and 2","Measure","Market","tCO2e","","","","UK",106812,42840,743820,51,881,0.143599257884972
"ALDI",2020,"Scope 3","Measure",NA,"tCO2e","","","","UK",24410,42840,743820,51,881,0.0328170794009303
"ALDI",2020,"Scope 2","Measure","Market","tCO2e","","","","UK",0,42840,743820,51,881,0
"ALDI",2020,"Scope 1 - 3","Measure","Market","tCO2e","","","","UK",131223,42840,743820,51,881,0.176417681697185
"ALDI",2021,"Scope 1","Measure",NA,"tCO2e","","","","UK",105542.5,47880,791700,57,938,0.133311229000884
"ALDI",2021,"Scope 2","Measure","Market","tCO2e","","","","UK",0,47880,791700,57,938,0
"ALDI",2021,"Energy","Measure",NA,"GWh","","","","UK",798.298,47880,791700,57,938,0.00100833396488569
"ALDI",2021,"Scope 1 - 3","Measure","Location","tCO2e","","","","UK",225573.5,47880,791700,57,938,0.284922950612606
"ALDI",2021,"Scope 2","Measure","Location","tCO2e","","","","UK",96358,47880,791700,57,938,0.121710243779209
"ALDI",2021,"Scope 1 and 2","Measure","Location","tCO2e","","","","UK",201900,47880,791700,57,938,0.255020841227738
"ALDI",2021,"Scope 3","Measure",NA,"tCO2e","","","","UK",29123.5,47880,791700,57,938,0.0367860300618921
"ALDI",2021,"Scope 1 - 3","Measure","Market","tCO2e","","","","UK",134666,47880,791700,57,938,0.170097259062776
"ALDI",2021,"Scope 1 and 2","Measure","Market","tCO2e","","","","UK",105542.5,47880,791700,57,938,0.133311229000884
"ALDI",2022,"Scope 2","Measure","Location","tCO2e","","","","UK",88226,36960,828660,44,982,0.106468274081047
"ALDI",2022,"Scope 3","Measure",NA,"tCO2e","","","","UK",28075,36960,828660,44,982,0.033879999034586
"ALDI",2022,"Scope 1 and 2","Measure","Location","tCO2e","","","","UK",191790,36960,828660,44,982,0.231445948881326
"ALDI",2022,"Scope 1","Measure",NA,"tCO2e","","","","UK",103693,36960,828660,44,982,0.125133347814544
"ALDI",2022,"Scope 1 and 2","Measure","Market","tCO2e","","","","UK",103564,36960,828660,44,982,0.12497767480028
"ALDI",2022,"Scope 1 - 3","Measure","Location","tCO2e","","","","UK",220572.5,36960,828660,44,982,0.26617973595926
"ALDI",2022,"Energy","Measure",NA,"GWh","","","","UK",801.789,36960,828660,44,982,0.000967572949098545
"ALDI",2022,"Scope 2","Measure","Market","tCO2e","","","","UK",0,36960,828660,44,982,0
"ALDI",2022,"Scope 1 - 3","Measure","Market","tCO2e","","","","UK",131768.5,36960,828660,44,982,0.159013950232906
"ALDI",2023,"Scope 3","Measure",NA,"tCO2e","","","","UK",32586,27720,856380,33,1015,0.0380508652700904
"ALDI",2023,"Scope 1 and 2","Measure","Market","tCO2e","","","","UK",92734,27720,856380,33,1015,0.108286041243373
"ALDI",2023,"Energy","Measure",NA,"GWh","","","","UK",806.664,27720,856380,33,1015,0.00094194633223569
"ALDI",2023,"Scope 1 and 2","Measure","Location","tCO2e","","","","UK",188704,27720,856380,33,1015,0.220350778859852
"ALDI",2023,"Scope 2","Measure","Market","tCO2e","","","","UK",0,27720,856380,33,1015,0
"ALDI",2023,"Scope 1","Measure",NA,"tCO2e","","","","UK",92734,27720,856380,33,1015,0.108286041243373
"ALDI",2023,"Scope 1 - 3","Measure","Market","tCO2e","","","","UK",125319,27720,856380,33,1015,0.146335738807539
"ALDI",2023,"Scope 2","Measure","Location","tCO2e","","","","UK",95970,27720,856380,33,1015,0.112064737616479
"ASDA",2021,"Scope 3","Measure","Location","tCO2e","","","","UK",233,0,1320200,0,629,0.000176488410846841
"ASDA",2021,"Energy","Measure",NA,"GWh","","","","UK",233.9827,0,1320200,0,629,0.00017723276776246
"ASDA",2021,"Scope 2","Measure","Location","tCO2e","","","","UK",234548,0,1320200,0,629,0.177660960460536
"ASDA",2021,"Scope 1 - 3","Measure","Location","tCO2e","","","","UK",624912,0,1320200,0,629,0.473346462657173
"ASDA",2021,"Scope 1","Measure",NA,"tCO2e","","","","UK",309131,0,1320200,0,629,0.234154673534313
"ASDA",2022,"Scope 3","Measure","Location","tCO2e","","","","UK",606,280,1320200,2,629,0.000459021360399939
"ASDA",2022,"Scope 1 - 3","Measure","Location","tCO2e","","","","UK",575505,280,1320200,2,629,0.435922587486744
"ASDA",2022,"Scope 2","Measure","Location","tCO2e","","","","UK",206839,280,1320200,2,629,0.156672473867596
"ASDA",2022,"Scope 1","Measure",NA,"tCO2e","","","","UK",306687.5,280,1320200,2,629,0.232303817603393
"ASDA",2022,"Energy","Measure",NA,"GWh","","","","UK",223.0991,280,1320200,2,629,0.000168988865323436
"ASDA",2023,"Scope 3","Measure","Location","tCO2e","","","","UK",821,29960,1350160,214,843,0.000608076079872015
"ASDA",2023,"Scope 2","Measure","Location","tCO2e","","","","UK",216994,29960,1350160,214,843,0.160717248326124
"ASDA",2023,"Scope 1 - 3","Measure","Location","tCO2e","","","","UK",563130,29960,1350160,214,843,0.417083901167269
"ASDA",2023,"Energy","Measure",NA,"GWh","","","","UK",226.4562,29960,1350160,214,843,0.000167725454760917
"COOP",2006,"Scope 1 and 2","Measure","Market","tCO2e","","","","UK",1096173.5,NA,NA,NA,NA,NA
"COOP",2006,"Scope 1 and 2","Measure","Location","tCO2e","","","","UK",1277723,NA,NA,NA,NA,NA
"COOP",2009,"Scope 1 and 2","Measure","Market","tCO2e","","","","UK",583097,NA,NA,NA,NA,NA
"COOP",2009,"Scope 1 and 2","Measure","Location","tCO2e","","","","UK",1146745,NA,NA,NA,NA,NA
"COOP",2010,"Scope 1 and 2","Measure","Market","tCO2e","","","","UK",329133,NA,NA,NA,NA,NA
"COOP",2010,"Scope 1 and 2","Measure","Location","tCO2e","","","","UK",911092.5,NA,NA,NA,NA,NA
"COOP",2011,"Scope 1 and 2","Measure","Market","tCO2e","","","","UK",301481,NA,NA,NA,NA,NA
"COOP",2011,"Scope 1 and 2","Measure","Location","tCO2e","","","","UK",796209,NA,NA,NA,NA,NA
"COOP",2012,"Scope 1 and 2","Measure","Market","tCO2e","","","","UK",272559,NA,NA,NA,NA,NA
"COOP",2012,"Scope 2","Measure","Location","tCO2e","","","","UK",502304,NA,NA,NA,NA,NA
"COOP",2012,"Scope 2","Measure","Market","tCO2e","","","","UK",515185,NA,NA,NA,NA,NA
"COOP",2012,"Scope 1 and 2","Measure","Location","tCO2e","","","","UK",752532.333333333,NA,NA,NA,NA,NA
"COOP",2012,"Scope 1","Measure",NA,"tCO2e","","","","UK",288395,NA,NA,NA,NA,NA
"COOP",2013,"Scope 2","Measure","Location","tCO2e","","","","UK",392528,NA,NA,NA,NA,NA
"COOP",2013,"Scope 2","Measure","Market","tCO2e","","","","UK",7393,NA,NA,NA,NA,NA
"COOP",2013,"Scope 1","Measure",NA,"tCO2e","","","","UK",308518,NA,NA,NA,NA,NA
"COOP",2013,"Scope 1 and 2","Measure","Location","tCO2e","","","","UK",705223.5,NA,NA,NA,NA,NA
"COOP",2014,"Scope 1","Measure",NA,"tCO2e","","","","UK",333877,NA,622720,NA,1770,0.536159108427544
"COOP",2014,"Scope 2","Measure","Market","tCO2e","","","","UK",7799,NA,622720,NA,1770,0.0125240878725591
"COOP",2014,"Scope 2","Measure","Location","tCO2e","","","","UK",403386,NA,622720,NA,1770,0.647780704008222
"COOP",2014,"Scope 1 and 2","Measure","Location","tCO2e","","","","UK",734662,NA,622720,NA,1770,1.17976297533402
"COOP",2015,"Scope 1","Measure",NA,"tCO2e","","","","UK",330698,280,623000,2,1772,0.530815409309791
"COOP",2015,"Scope 1 and 2","Measure","Location","tCO2e","","","","UK",701126.5,280,623000,2,1772,1.1254036918138
"COOP",2015,"Scope 2","Measure","Market","tCO2e","","","","UK",3575,280,623000,2,1772,0.00573836276083467
"COOP",2015,"Scope 2","Measure","Location","tCO2e","","","","UK",357520,280,623000,2,1772,0.573868378812199
"COOP",2016,"Scope 1 and 2","Measure","Location","tCO2e","","","","UK",649613.5,13020,636020,68,1840,1.02137275557372
"COOP",2016,"Scope 1","Measure",NA,"tCO2e","","","","UK",342249,13020,636020,68,1840,0.538110436778718
"COOP",2016,"Scope 3","Measure","Location","tCO2e","","","","UK",4886,13020,636020,68,1840,0.00768214836011446
"COOP",2016,"Scope 1 and 2","Measure","Market","tCO2e","","","","UK",338207,13020,636020,68,1840,0.531755290714129
"COOP",2016,"Scope 2","Measure","Location","tCO2e","","","","UK",310439,13020,636020,68,1840,0.488096286280306
"COOP",2017,"Scope 1 and 2","Measure","Market","tCO2e","","","","UK",272065.5,23800,659820,150,1990,0.412332908975175
"COOP",2017,"Scope 1","Measure",NA,"tCO2e","","","","UK",296717,23800,659820,150,1990,0.449693855900094
"COOP",2017,"Scope 2","Measure","Location","tCO2e","","","","UK",245766,23800,659820,150,1990,0.372474311175775
"COOP",2017,"Scope 1 and 2","Measure","Location","tCO2e","","","","UK",542480,23800,659820,150,1990,0.822163620381316
"COOP",2017,"Scope 2","Measure","Market","tCO2e","","","","UK",0,23800,659820,150,1990,0
"COOP",2018,"Scope 1 and 2","Measure","Location","tCO2e","","","","UK",435980,11340,671160,71,2061,0.649591751594255
"COOP",2018,"Scope 2","Measure","Location","tCO2e","","","","UK",188563,11340,671160,71,2061,0.280950890994696
"COOP",2018,"Scope 2","Measure","Market","tCO2e","","","","UK",0,11340,671160,71,2061,0
"COOP",2018,"Scope 1","Measure",NA,"tCO2e","","","","UK",247417,11340,671160,71,2061,0.368640860599559
"COOP",2019,"Scope 1 and 2","Measure","Location","tCO2e","","","","UK",396842,26740,697900,171,2232,0.568623011892821
"COOP",2019,"Scope 2","Measure","Location","tCO2e","","","","UK",178455.5,26740,697900,171,2232,0.255703539188996
"COOP",2019,"Scope 1","Measure",NA,"tCO2e","","","","UK",218465.5,26740,697900,171,2232,0.313032669436882
"COOP",2019,"Scope 1 and 2","Measure","Market","tCO2e","","","","UK",321931,26740,697900,171,2232,0.461285284424703
"COOP",2019,"Scope 2","Measure","Market","tCO2e","","","","UK",13500,26740,697900,171,2232,0.0193437455222811
"COOP",2020,"Scope 1","Measure",NA,"tCO2e","","","","UK",182000,7700,705600,50,2282,0.257936507936508
"COOP",2020,"Scope 1 and 2","Measure","Market","tCO2e","","","","UK",206000,7700,705600,50,2282,0.291950113378685
"COOP",2020,"Scope 2","Measure","Location","tCO2e","","","","UK",167000,7700,705600,50,2282,0.236678004535147
"COOP",2020,"Scope 2","Measure","Market","tCO2e","","","","UK",24000,7700,705600,50,2282,0.0340136054421769
"COOP",2020,"Scope 1 and 2","Measure","Location","tCO2e","","","","UK",349000,7700,705600,50,2282,0.494614512471655
"COOP",2021,"Scope 1 and 2","Measure","Location","tCO2e","","","","UK",320000,6440,712040,36,2318,0.449412954328408
"COOP",2021,"Scope 1 and 2","Measure","Market","tCO2e","","","","UK",198000,6440,712040,36,2318,0.278074265490703
"COOP",2021,"Scope 1","Measure",NA,"tCO2e","","","","UK",225000,6440,712040,36,2318,0.315993483512162
"COOP",2021,"Scope 2","Measure","Location","tCO2e","","","","UK",121000,6440,712040,36,2318,0.169934273355429
"COOP",2021,"Scope 2","Measure","Market","tCO2e","","","","UK",0,6440,712040,36,2318,0
"COOP",2022,"Scope 1 and 2","Measure","Location","tCO2e","","","","UK",288000,11620,723660,83,2401,0.397976950501617
"COOP",2022,"Scope 1 and 2","Measure","Market","tCO2e","","","","UK",181000,11620,723660,83,2401,0.250117458474974
"COOP",2022,"Scope 2","Measure","Market","tCO2e","","","","UK",1,11620,723660,83,2401,1.38186441146395e-06
"COOP",2022,"Scope 2","Measure","Location","tCO2e","","","","UK",107000,11620,723660,83,2401,0.147859492026642
"COOP",2022,"Scope 1","Measure",NA,"tCO2e","","","","UK",180000,11620,723660,83,2401,0.24873559406351
"COOP",2023,"Scope 1 and 2","Measure","Location","tCO2e","","","","UK",263000,7140,730800,26,2427,0.359879584017515
"COOP",2023,"Scope 3","Measure","Location","tCO2e","","","","UK",3849,7140,730800,26,2427,0.00526683087027915
"COOP",2024,"Scope 3","Measure","Location","tCO2e","","","","UK",4333,7700,738500,40,2467,0.00586729857819905
"COOP",2024,"Scope 1 and 2","Measure","Location","tCO2e","","","","UK",252000,7700,738500,40,2467,0.341232227488152
"ICE",2019,"Scope 2","Measure","Location","tCO2e","","","","UK",121065,45360,716240,54,891,0.16902853792025
"ICE",2019,"Scope 1 and 2","Measure","Location","tCO2e","","","","UK",189724,45360,716240,54,891,0.26488886406791
"ICE",2019,"Energy","Measure",NA,"GWh","","","","UK",749.450721,45360,716240,54,891,0.00104636814615213
"ICE",2019,"Scope 1","Measure",NA,"tCO2e","","","","UK",68663,45360,716240,54,891,0.0958659108678655
"ICE",2019,"Scope 1 and 2","Measure","Market","tCO2e","","","","UK",68663,45360,716240,54,891,0.0958659108678655
"ICE",2020,"Scope 1","Measure",NA,"tCO2e","","","","UK",79477,20160,736400,24,915,0.107926398696361
"ICE",2020,"Energy","Measure",NA,"GWh","","","","UK",813.202632,20160,736400,24,915,0.00110429472026073
"ICE",2020,"Scope 2","Measure","Location","tCO2e","","","","UK",112777,20160,736400,24,915,0.1531463878327
"ICE",2020,"Scope 1 and 2","Measure","Market","tCO2e","","","","UK",79477,20160,736400,24,915,0.107926398696361
"ICE",2020,"Scope 1 and 2","Measure","Location","tCO2e","","","","UK",192245,20160,736400,24,915,0.261060564910375
"ICE",2021,"Scope 1 and 2","Measure","Location","tCO2e","","","","UK",172995,13440,749840,16,931,0.2307092179665
"ICE",2021,"Scope 1 and 2","Measure","Market","tCO2e","","","","UK",73124,13440,749840,16,931,0.0975194708204417
"ICE",2021,"Scope 2","Measure","Location","tCO2e","","","","UK",99871,13440,749840,16,931,0.133189747146058
"ICE",2021,"Energy","Measure",NA,"GWh","","","","UK",777.878608,13440,749840,16,931,0.00103739278779473
"ICE",2021,"Scope 1","Measure",NA,"tCO2e","","","","UK",73124,13440,749840,16,931,0.0975194708204417
"ICE",2022,"Scope 1 and 2","Measure","Location","tCO2e","","","","UK",167772,15960,765800,19,950,0.219080699921651
"ICE",2022,"Scope 2","Measure","Location","tCO2e","","","","UK",98200,15960,765800,19,950,0.128231914337947
"ICE",2022,"Energy","Measure",NA,"GWh","","","","UK",198.737142,15960,765800,19,950,0.000259515724732306
"ICE",2022,"Scope 1","Measure",NA,"tCO2e","","","","UK",69572,15960,765800,19,950,0.0908487855837033
"ICE",2022,"Scope 1 and 2","Measure","Market","tCO2e","","","","UK",69572,15960,765800,19,950,0.0908487855837033
"ICE",2023,"Scope 1","Measure",NA,"tCO2e","","","","UK",67117,7560,773360,9,959,0.0867862315092583
"ICE",2023,"Scope 2","Measure","Location","tCO2e","","","","UK",95403,7560,773360,9,959,0.12336169442433
"ICE",2023,"Energy","Measure",NA,"GWh","","","","UK",743.007191,7560,773360,9,959,0.000960752031395469
"ICE",2023,"Scope 1 and 2","Measure","Market","tCO2e","","","","UK",67118,7560,773360,9,959,0.0867875245681183
"ICE",2023,"Scope 1 and 2","Measure","Location","tCO2e","","","","UK",162520,7560,773360,9,959,0.210147925933588
"JLP",2009,"Scope 1 and 2","Measure","Location","tCO2e","","","","UK",517018,NA,NA,NA,NA,NA
"JLP",2010,"Scope 1 and 2","Measure","Location","tCO2e","","","","UK",530147,NA,NA,NA,NA,NA
"JLP",2011,"Scope 1 and 2","Measure","Location","tCO2e","","","","UK",528535,NA,NA,NA,NA,NA
"JLP",2012,"Scope 1 and 2","Measure","Location","tCO2e","","","","UK",557017,NA,NA,NA,NA,NA
"JLP",2013,"Scope 2","Measure","Location","tCO2e","","","","UK",271112,NA,NA,NA,NA,NA
"JLP",2013,"Scope 1 and 2","Measure","Location","tCO2e","","","","UK",546358,NA,NA,NA,NA,NA
"JLP",2014,"Scope 1 and 2","Measure","Market","tCO2e","","","","UK",561607,NA,481880,NA,389,1.16544990454055
"JLP",2014,"Scope 2","Measure","Location","tCO2e","","","","UK",316343,NA,481880,NA,389,0.656476716194903
"JLP",2014,"Scope 3","Measure","Location","tCO2e","","","","UK",61866,NA,481880,NA,389,0.128384660081348
"JLP",2014,"Scope 1","Measure",NA,"tCO2e","","","","UK",211654,NA,481880,NA,389,0.439225533327799
"JLP",2014,"Scope 1 and 2","Measure","Location","tCO2e","","","","UK",559144,NA,481880,NA,389,1.16033867352868
"JLP",2015,"Scope 1 and 2","Measure","Location","tCO2e","","","","UK",499419,19600,501480,13,402,0.995890165111271
"JLP",2015,"Scope 3","Measure","Location","tCO2e","","","","UK",60778,19600,501480,13,402,0.121197256121879
"JLP",2015,"Scope 1","Measure",NA,"tCO2e","","","","UK",203293,19600,501480,13,402,0.405386057270479
"JLP",2015,"Scope 2","Measure","Market","tCO2e","","","","UK",43594,19600,501480,13,402,0.0869306851718912
"JLP",2015,"Scope 2","Measure","Location","tCO2e","","","","UK",294927,19600,501480,13,402,0.588113184972481
"JLP",2015,"Scope 1 and 2","Measure","Market","tCO2e","","","","UK",248091,19600,501480,13,402,0.494717635798038
"JLP",2016,"Scope 2","Measure","Location","tCO2e","","","","UK",269986,14840,516320,11,413,0.522904400371862
"JLP",2016,"Scope 2","Measure","Market","tCO2e","","","","UK",7401,14840,516320,11,413,0.0143341338704679
"JLP",2016,"Scope 1 and 2","Measure","Market","tCO2e","","","","UK",201197,14840,516320,11,413,0.389675007747134
"JLP",2016,"Scope 1","Measure",NA,"tCO2e","","","","UK",193796,14840,516320,11,413,0.375340873876666
"JLP",2016,"Scope 1 and 2","Measure","Location","tCO2e","","","","UK",463782,14840,516320,11,413,0.898245274248528
"JLP",2016,"Scope 3","Measure","Location","tCO2e","","","","UK",55901,14840,516320,11,413,0.108268128292532
"JLP",2017,"Scope 1 and 2","Measure","Market","tCO2e","","","","UK",183036,6440,522760,7,420,0.350133904659882
"JLP",2017,"Scope 3","Measure","Location","tCO2e","","","","UK",50510,6440,522760,7,420,0.0966217767235443
"JLP",2017,"Scope 1 and 2","Measure","Location","tCO2e","","","","UK",403945,6440,522760,7,420,0.772715969087153
"JLP",2017,"Scope 2","Measure","Market","tCO2e","","","","UK",6425,6440,522760,7,420,0.01229053485347
"JLP",2017,"Scope 1","Measure",NA,"tCO2e","","","","UK",176611,6440,522760,7,420,0.337843369806412
"JLP",2017,"Scope 2","Measure","Location","tCO2e","","","","UK",227334,6440,522760,7,420,0.434872599280741
"JLP",2018,"Energy","Measure",NA,"GWh","","","","UK",128.041,4340,527100,3,423,0.000242915955226712
"JLP",2018,"Scope 2","Measure","Location","tCO2e","","","","UK",182978,4340,527100,3,423,0.347140959969645
"JLP",2018,"Scope 1 and 2","Measure","Location","tCO2e","","","","UK",351007,4340,527100,3,423,0.665921077594384
"JLP",2018,"Scope 1 and 2","Measure","Market","tCO2e","","","","UK",175381,4340,527100,3,423,0.332728135078733
"JLP",2018,"Scope 1","Measure",NA,"tCO2e","","","","UK",168029,4340,527100,3,423,0.318780117624739
"JLP",2018,"Scope 2","Measure","Market","tCO2e","","","","UK",7352,4340,527100,3,423,0.0139480174539935
"JLP",2018,"Scope 3","Measure","Location","tCO2e","","","","UK",44373,4340,527100,3,423,0.0841832669322709
"JLP",2019,"Scope 1","Measure",NA,"tCO2e","","","","UK",156755,0,527240,0,424,0.297312419391548
"JLP",2019,"Scope 1 and 2","Measure","Location","tCO2e","","","","UK",316773,0,527240,0,424,0.600813671193384
"JLP",2019,"Scope 1 and 2","Measure","Market","tCO2e","","","","UK",164876,0,527240,0,424,0.312715271982399
"JLP",2019,"Scope 3","Measure","Location","tCO2e","","","","UK",40478,0,527240,0,424,0.0767733859342994
"JLP",2019,"Scope 2","Measure","Market","tCO2e","","","","UK",8121,0,527240,0,424,0.0154028525908505
"JLP",2019,"Scope 2","Measure","Location","tCO2e","","","","UK",160018,0,527240,0,424,0.303501251801836
"JLP",2020,"Scope 1","Measure",NA,"tCO2e","","","","UK",141417,0,527240,0,424,0.268221303391245
"JLP",2020,"Scope 1 and 2","Measure","Location","tCO2e","","","","UK",271430,0,527240,0,424,0.514812988392383
"JLP",2020,"Scope 2","Measure","Location","tCO2e","","","","UK",130352,0,527240,0,424,0.247234655944162
"JLP",2020,"Scope 2","Measure","Market","tCO2e","","","","UK",5817,0,527240,0,424,0.0110329261816251
"JLP",2020,"Scope 1 and 2","Measure","Market","tCO2e","","","","UK",146895,0,527240,0,424,0.278611258629846
"JLP",2020,"Scope 3","Measure","Location","tCO2e","","","","UK",33534,0,527240,0,424,0.0636029132842728
"JLP",2021,"Scope 1","Measure",NA,"tCO2e","","","","UK",136496,0,527240,0,424,0.25888779303543
"JLP",2021,"Scope 1 and 2","Measure","Market","tCO2e","","","","UK",137664,0,527240,0,424,0.261103102951218
"JLP",2021,"Scope 2","Measure","Market","tCO2e","","","","UK",772,0,527240,0,424,0.00146422881420226
"JLP",2021,"Scope 2","Measure","Location","tCO2e","","","","UK",111799.5,0,527240,0,424,0.212046696001821
"JLP",2021,"Scope 1 and 2","Measure","Location","tCO2e","","","","UK",254586,0,527240,0,424,0.482865488202716
"JLP",2021,"Scope 3","Measure","Location","tCO2e","","","","UK",24436,0,527240,0,424,0.0463470146422881
"JLP",2022,"Scope 2","Measure","Location","tCO2e","","","","UK",105227,0,527240,0,424,0.199580836051893
"JLP",2022,"Energy","Measure",NA,"GWh","","","","UK",112.8248,0,527240,0,424,0.000213991351187315
"JLP",2022,"Scope 3","Measure","Location","tCO2e","","","","UK",15211,0,527240,0,424,0.0288502389803505
"JLP",2022,"Scope 1","Measure",NA,"tCO2e","","","","UK",121103.5,0,527240,0,424,0.229693308550186
"JLP",2022,"Scope 2","Measure","Market","tCO2e","","","","UK",1394,0,527240,0,424,0.00264395721113724
"JLP",2022,"Scope 1 and 2","Measure","Location","tCO2e","","","","UK",226710,0,527240,0,424,0.429993930657765
"JLP",2022,"Scope 1 and 2","Measure","Market","tCO2e","","","","UK",122536,0,527240,0,424,0.232410287535088
"JLP",2023,"Scope 1 and 2","Measure","Location","tCO2e","","","","UK",210006,0,527240,0,424,0.398311964190881
"JLP",2023,"Energy","Measure",NA,"GWh","","","","UK",112.8248,0,527240,0,424,0.000213991351187315
"JLP",2023,"Scope 2","Measure","Market","tCO2e","","","","UK",16402,0,527240,0,424,0.0311091722934527
"JLP",2023,"Scope 2","Measure","Location","tCO2e","","","","UK",106707,0,527240,0,424,0.202387906835597
"JLP",2023,"Scope 1","Measure",NA,"tCO2e","","","","UK",103299,0,527240,0,424,0.195924057355284
"JLP",2023,"Scope 1 and 2","Measure","Market","tCO2e","","","","UK",132993.5,0,527240,0,424,0.252244708292239
"JLP",2023,"Scope 3","Measure","Location","tCO2e","","","","UK",14876,0,527240,0,424,0.0282148547151202
"JLP",2024,"Energy","Measure",NA,"GWh","","","","UK",109.2061,140,527240,1,424,0.000207127873454214
"JLP",2024,"Scope 2","Measure","Location","tCO2e","","","","UK",106555,140,527240,1,424,0.202099613079433
"JLP",2024,"Scope 1 and 2","Measure","Market","tCO2e","","","","UK",110819.5,140,527240,1,424,0.210187959942341
"JLP",2024,"Scope 3","Measure","Location","tCO2e","","","","UK",14428,140,527240,1,424,0.0273651468022153
"JLP",2024,"Scope 2","Measure","Market","tCO2e","","","","UK",18447,140,527240,1,424,0.0349878613155299
"JLP",2024,"Scope 1 and 2","Measure","Location","tCO2e","","","","UK",199147,140,527240,1,424,0.377716030650178
"LIDL",2020,"Scope 2","Measure","Location","tCO2e","","","","UK",97697.139,49560,717780,59,835,0.136110143776645
"LIDL",2020,"Energy","Measure",NA,"GWh","","","","UK",440.968,49560,717780,59,835,0.000614349800774611
"LIDL",2020,"Scope 1 and 2","Measure","Location","tCO2e","","","","UK",119455.1105,49560,717780,59,835,0.166423013318844
"LIDL",2020,"Scope 1","Measure",NA,"tCO2e","","","","UK",21757.9715,49560,717780,59,835,0.0303128695421996
"LIDL",2020,"Scope 1 and 2","Measure","Market","tCO2e","","","","UK",21757.971,49560,717780,59,835,0.0303128688456073
"LIDL",2020,"Scope 2","Measure","Market","tCO2e","","","","UK",0,49560,717780,59,835,0
"LIDL",2021,"Scope 2","Measure","Location","tCO2e","","","","UK",96878.96,54600,772380,65,900,0.125429141096352
"LIDL",2021,"Scope 1","Measure",NA,"tCO2e","","","","UK",19548.551,54600,772380,65,900,0.0253094992102333
"LIDL",2021,"Scope 2","Measure","Market","tCO2e","","","","UK",0,54600,772380,65,900,0
"LIDL",2021,"Scope 1 and 2","Measure","Market","tCO2e","","","","UK",19548.551,54600,772380,65,900,0.0253094992102333
"LIDL",2021,"Scope 1 and 2","Measure","Location","tCO2e","","","","UK",112691.864,54600,772380,65,900,0.145902100002589
"LIDL",2021,"Energy","Measure",NA,"GWh","","","","UK",497.3995,54600,772380,65,900,0.000643982884072607
"LIDL",2022,"Scope 1 and 2","Measure","Market","tCO2e","","","","UK",14855.9905,52080,824460,62,962,0.0180190555029959
"LIDL",2022,"Scope 1 and 2","Measure","Location","tCO2e","","","","UK",113054,52080,824460,62,962,0.137124905999078
"LIDL",2022,"Scope 2","Measure","Location","tCO2e","","","","UK",96149.118,52080,824460,62,962,0.116620719016083
"LIDL",2022,"Scope 1","Measure",NA,"tCO2e","","","","UK",14855.9905,52080,824460,62,962,0.0180190555029959
"LIDL",2022,"Scope 2","Measure","Market","tCO2e","","","","UK",0,52080,824460,62,962,0
"LIDL",2022,"Energy","Measure",NA,"GWh","","","","UK",540.918,52080,824460,62,962,0.000656087620988283
"LIDL",2023,"Energy","Measure",NA,"GWh","","","","UK",551.846,21420,845880,24,986,0.000652392774388802
"LIDL",2023,"Scope 2","Measure","Location","tCO2e","","","","UK",105470,21420,845880,24,986,0.12468671679198
"LIDL",2023,"Scope 2","Measure","Market","tCO2e","","","","UK",0,21420,845880,24,986,0
"LIDL",2023,"Scope 1 and 2","Measure","Market","tCO2e","","","","UK",14343,21420,845880,24,986,0.0169563058589871
"LIDL",2023,"Scope 1 and 2","Measure","Location","tCO2e","","","","UK",119813,21420,845880,24,986,0.141643022650967
"LIDL",2023,"Scope 1","Measure",NA,"tCO2e","","","","UK",14343,21420,845880,24,986,0.0169563058589871
"M&S",2005,"Scope 1 - 3","Measure",NA,"tCO2e","","","","UK and Europe",404000,NA,NA,NA,NA,NA
"M&S",2006,"Scope 2","Measure","Location","tCO2e","","","","UK and Europe",394000,NA,NA,NA,NA,NA
"M&S",2006,"Scope 1 and 2","Measure","Market","tCO2e","","","","UK and Europe",640000,NA,NA,NA,NA,NA
"M&S",2006,"Scope 2","Measure","Market","tCO2e","","","","UK and Europe",640000,NA,NA,NA,NA,NA
"M&S",2006,"Scope 1 - 3","Measure",NA,"tCO2e","","","","UK and Europe",516000,NA,NA,NA,NA,NA
"M&S",2006,"Scope 1","Measure",NA,"tCO2e","","","","UK and Europe",246000,NA,NA,NA,NA,NA
"M&S",2006,"Scope 1 and 2","Measure","Location","tCO2e","","","","UK and Europe",640000,NA,NA,NA,NA,NA
"M&S",2007,"Scope 1 - 3","Measure",NA,"tCO2e","","","","UK and Europe",503000,NA,NA,NA,NA,NA
"M&S",2008,"Scope 1 - 3","Measure",NA,"tCO2e","","","","UK and Europe",532333.333333333,NA,NA,NA,NA,NA
"M&S",2013,"Scope 2","Measure","Location","tCO2e","","","","UK and Europe",339500,NA,NA,NA,NA,NA
"M&S",2013,"Scope 1 and 2","Measure","Market","tCO2e","","","","UK and Europe",433000,NA,NA,NA,NA,NA
"M&S",2013,"Scope 3","Measure","Location","tCO2e","","","","UK and Europe",58500,NA,NA,NA,NA,NA
"M&S",2013,"Scope 1","Measure",NA,"tCO2e","","","","UK and Europe",168500,NA,NA,NA,NA,NA
"M&S",2013,"Scope 2","Measure","Market","tCO2e","","","","UK and Europe",265000,NA,NA,NA,NA,NA
"M&S",2013,"Scope 1 and 2","Measure","Location","tCO2e","","","","UK and Europe",508000,NA,NA,NA,NA,NA
"M&S",2014,"Scope 1 - 3","Measure",NA,"tCO2e","","","","UK and Europe",592000,NA,462980,NA,651,1.27867294483563
"M&S",2014,"Scope 3","Measure","Location","tCO2e","","","","UK and Europe",58000,NA,462980,NA,651,0.125275389865653
"M&S",2014,"Scope 1","Measure",NA,"tCO2e","","","","UK and Europe",167000,NA,462980,NA,651,0.360706725992483
"M&S",2014,"Scope 1 and 2","Measure","Location","tCO2e","","","","UK and Europe",534000,NA,462980,NA,651,1.15339755496998
"M&S",2014,"Scope 2","Measure","Location","tCO2e","","","","UK and Europe",367000,NA,462980,NA,651,0.792690828977494
"M&S",2015,"Scope 3","Measure","Location","tCO2e","","","","UK and Europe",56000,24220,487200,32,683,0.114942528735632
"M&S",2015,"Scope 1 - 3","Measure",NA,"tCO2e","","","","UK and Europe",566500,24220,487200,32,683,1.16276683087028
"M&S",2015,"Scope 1 and 2","Measure","Market","tCO2e","","","","UK and Europe",448000,24220,487200,32,683,0.919540229885057
"M&S",2015,"Scope 1","Measure",NA,"tCO2e","","","","UK and Europe",182000,24220,487200,32,683,0.373563218390805
"M&S",2015,"Scope 2","Measure","Location","tCO2e","","","","UK and Europe",328000,24220,487200,32,683,0.673234811165846
"M&S",2015,"Scope 1 and 2","Measure","Location","tCO2e","","","","UK and Europe",510000,24220,487200,32,683,1.04679802955665
"M&S",2015,"Scope 2","Measure","Market","tCO2e","","","","UK and Europe",266000,24220,487200,32,683,0.545977011494253
"M&S",2016,"Scope 3","Measure","Location","tCO2e","","","","UK and Europe",48000,51800,539000,125,808,0.0890538033395176
"M&S",2016,"Scope 1 and 2","Measure","Location","tCO2e","","","","UK and Europe",532000,51800,539000,125,808,0.987012987012987
"M&S",2016,"Scope 2","Measure","Location","tCO2e","","","","UK and Europe",239000,51800,539000,125,808,0.443413729128015
"M&S",2016,"Scope 1 and 2","Measure","Market","tCO2e","","","","UK and Europe",514000,51800,539000,125,808,0.953617810760668
"M&S",2016,"Scope 1 - 3","Measure",NA,"tCO2e","","","","UK and Europe",526000,51800,539000,125,808,0.975881261595547
"M&S",2016,"Scope 2","Measure","Market","tCO2e","","","","UK and Europe",221000,51800,539000,125,808,0.410018552875696
"M&S",2016,"Scope 1","Measure",NA,"tCO2e","","","","UK and Europe",185000,51800,539000,125,808,0.343228200371058
"M&S",2017,"Scope 1","Measure",NA,"tCO2e","","","","UK and Europe",182000,40740,579740,75,883,0.313933832407631
"M&S",2017,"Scope 2","Measure","Location","tCO2e","","","","UK and Europe",248000,40740,579740,75,883,0.427777969434574
"M&S",2017,"Scope 1 and 2","Measure","Location","tCO2e","","","","UK and Europe",430000,40740,579740,75,883,0.741711801842205
"M&S",2017,"Scope 1 and 2","Measure","Market","tCO2e","","","","UK and Europe",157000,40740,579740,75,883,0.270811053230759
"M&S",2017,"Scope 2","Measure","Market","tCO2e","","","","UK and Europe",157000,40740,579740,75,883,0.270811053230759
"M&S",2018,"Scope 1 and 2","Measure","Location","tCO2e","","","","UK and Europe",360000,22400,602140,41,924,0.59786760554024
"M&S",2018,"Scope 1 and 2","Measure","Market","tCO2e","","","","UK and Europe",158000,22400,602140,41,924,0.262397449098216
"M&S",2018,"Scope 2","Measure","Market","tCO2e","","","","UK and Europe",158000,22400,602140,41,924,0.262397449098216
"M&S",2018,"Scope 2","Measure","Location","tCO2e","","","","UK and Europe",193000,22400,602140,41,924,0.320523466303517
"M&S",2018,"Scope 1","Measure",NA,"tCO2e","","","","UK and Europe",167000,22400,602140,41,924,0.277344139236722
"M&S",2019,"Scope 1 and 2","Measure","Location","tCO2e","","","","UK and Europe",339500,18900,621040,31,955,0.546663660955816
"M&S",2019,"Energy","Measure",NA,"GWh","","","","UK and Europe",827,18900,621040,31,955,0.00133163725363906
"M&S",2019,"Scope 1","Measure",NA,"tCO2e","","","","UK and Europe",173000,18900,621040,31,955,0.278564987762463
"M&S",2019,"Scope 2","Measure","Market","tCO2e","","","","UK and Europe",196500,18900,621040,31,955,0.316404740435399
"M&S",2019,"Scope 2","Measure","Market","tCO2e","","","","UK",183000,18900,621040,31,955,0.294667010176478
"M&S",2019,"Scope 2","Measure","Location","tCO2e","","","","UK and Europe",166500,18900,621040,31,955,0.268098673193353
"M&S",2019,"Scope 1","Measure",NA,"tCO2e","","","","UK",172000,18900,621040,31,955,0.276954785521061
"M&S",2019,"Scope 1 and 2","Measure","Location","tCO2e","","","","UK",325000,18900,621040,31,955,0.523315728455494
"M&S",2019,"Scope 1 and 2","Measure","Market","tCO2e","","","","UK",183000,18900,621040,31,955,0.294667010176478
"M&S",2019,"Scope 1 and 2","Measure","Market","tCO2e","","","","UK and Europe",196500,18900,621040,31,955,0.316404740435399
"M&S",2019,"Scope 2","Measure","Location","tCO2e","","","","UK",154000,18900,621040,31,955,0.247971145175834
"M&S",2020,"Scope 1","Measure",NA,"tCO2e","","","","UK",156000,14700,635740,17,972,0.24538333280901
"M&S",2020,"Scope 1","Measure",NA,"tCO2e","","","","UK and Europe",157000,14700,635740,17,972,0.246956302891119
"M&S",2020,"Scope 1 and 2","Measure","Market","tCO2e","","","","UK",164000,14700,635740,17,972,0.257967093465882
"M&S",2020,"Scope 1 and 2","Measure","Market","tCO2e","","","","UK and Europe",171000,14700,635740,17,972,0.268977884040646
"M&S",2020,"Scope 2","Measure","Location","tCO2e","","","","UK and Europe",141000,14700,635740,17,972,0.221788781577374
"M&S",2020,"Scope 2","Measure","Location","tCO2e","","","","UK",129000,14700,635740,17,972,0.202913140592066
"M&S",2020,"Scope 2","Measure","Market","tCO2e","","","","UK",164500,14700,635740,17,972,0.258753578506937
"M&S",2020,"Energy","Measure",NA,"GWh","","","","UK and Europe",929.5,14700,635740,17,972,0.00146207569132035
"M&S",2020,"Scope 1 and 2","Measure","Location","tCO2e","","","","UK",285000,14700,635740,17,972,0.448296473401076
"M&S",2020,"Scope 1 and 2","Measure","Location","tCO2e","","","","UK and Europe",298000,14700,635740,17,972,0.468745084468493
"M&S",2020,"Scope 2","Measure","Market","tCO2e","","","","UK and Europe",177000,14700,635740,17,972,0.2784157045333
"M&S",2021,"Scope 1 and 2","Measure","Location","tCO2e","","","","UK",322000,6580,642320,23,995,0.501307759372275
"M&S",2021,"Scope 1","Measure",NA,"tCO2e","","","","UK and Europe",204000,6580,642320,23,995,0.317598704695479
"M&S",2021,"Scope 2","Measure","Market","tCO2e","","","","UK and Europe",132500,6580,642320,23,995,0.206283472412505
"M&S",2021,"Scope 1 and 2","Measure","Market","tCO2e","","","","UK and Europe",220000,6580,642320,23,995,0.342508407024536
"M&S",2021,"Scope 2","Measure","Location","tCO2e","","","","UK",122000,6580,642320,23,995,0.189936480259061
"M&S",2021,"Scope 1","Measure",NA,"tCO2e","","","","UK",2e+05,6580,642320,23,995,0.311371279113215
"M&S",2021,"Scope 2","Measure","Market","tCO2e","","","","UK",124000,6580,642320,23,995,0.193050193050193
"M&S",2021,"Scope 2","Measure","Location","tCO2e","","","","UK and Europe",141000,6580,642320,23,995,0.219516751774816
"M&S",2021,"Scope 1 and 2","Measure","Location","tCO2e","","","","UK and Europe",345000,6580,642320,23,995,0.537115456470295
"M&S",2021,"Energy","Measure",NA,"GWh","","","","UK and Europe",1132,6580,642320,23,995,0.00176236143978079
"M&S",2021,"Scope 1 and 2","Measure","Market","tCO2e","","","","UK",200500,6580,642320,23,995,0.312149707310998
"M&S",2022,"Scope 2","Measure","Location","tCO2e","","","","UK and Europe",137000,18480,660800,17,1012,0.207324455205811
"M&S",2022,"Scope 1","Measure",NA,"tCO2e","","","","UK and Europe",225500,18480,660800,17,1012,0.341253026634383
"M&S",2022,"Scope 1 and 2","Measure","Market","tCO2e","","","","UK and Europe",245500,18480,660800,17,1012,0.371519370460048
"M&S",2022,"Scope 1 and 2","Measure","Location","tCO2e","","","","UK and Europe",365750,18480,660800,17,1012,0.553495762711864
"M&S",2022,"Scope 2","Measure","Market","tCO2e","","","","UK and Europe",68500,18480,660800,17,1012,0.103662227602906
"M&S",2022,"Scope 1 and 2","Measure","Market","tCO2e","","","","UK",219000,18480,660800,17,1012,0.331416464891041
"M&S",2022,"Scope 1 and 2","Measure","Location","tCO2e","","","","UK",337333.333333333,18480,660800,17,1012,0.510492332526231
"M&S",2022,"Scope 2","Measure","Location","tCO2e","","","","UK",113000,18480,660800,17,1012,0.171004842615012
"M&S",2022,"Scope 1","Measure",NA,"tCO2e","","","","UK",218000,18480,660800,17,1012,0.329903147699758
"M&S",2022,"Energy","Measure",NA,"GWh","","","","UK and Europe",1402,18480,660800,17,1012,0.00212167070217918
"M&S",2023,"Scope 1","Measure",NA,"tCO2e","","","","UK and Europe",207000,25760,686560,17,1029,0.301503146119786
"M&S",2023,"Scope 1 and 2","Measure","Location","tCO2e","","","","UK and Europe",361000,25760,686560,17,1029,0.525809834537404
"M&S",2023,"Scope 2","Measure","Location","tCO2e","","","","UK",120000,25760,686560,17,1029,0.174784432533209
"M&S",2023,"Scope 1 and 2","Measure","Location","tCO2e","","","","UK",323000,25760,686560,17,1029,0.470461430901888
"M&S",2023,"Scope 1 and 2","Measure","Market","tCO2e","","","","UK and Europe",439000,25760,686560,17,1029,0.63941971568399
"M&S",2023,"Scope 2","Measure","Location","tCO2e","","","","UK and Europe",154000,25760,686560,17,1029,0.224306688417618
"M&S",2023,"Scope 2","Measure","Market","tCO2e","","","","UK and Europe",233000,25760,686560,17,1029,0.339373106501981
"M&S",2023,"Scope 1 and 2","Measure","Market","tCO2e","","","","UK",407000,25760,686560,17,1029,0.592810533675134
"M&S",2023,"Energy","Measure",NA,"GWh","","","","UK and Europe",1382,25760,686560,17,1029,0.00201293404800746
"M&S",2023,"Scope 1","Measure",NA,"tCO2e","","","","UK",203000,25760,686560,17,1029,0.295676998368679
"MORR",2005,"Scope 1","Measure",NA,"tCO2e","","","","UK",772550,NA,NA,NA,NA,NA
"MORR",2005,"Scope 1 and 2","Measure","Location","tCO2e","","","","UK",1259908,NA,NA,NA,NA,NA
"MORR",2005,"Scope 2","Measure","Location","tCO2e","","","","UK",767748,NA,NA,NA,NA,NA
"MORR",2017,"Scope 1 and 2","Measure","Location","tCO2e","","","","UK",967461.5,0,1122800,0,480,0.861650783754898
"MORR",2017,"Scope 2","Measure","Location","tCO2e","","","","UK",479959.5,0,1122800,0,480,0.427466601353758
"MORR",2017,"Scope 1","Measure",NA,"tCO2e","","","","UK",471598.666666667,0,1122800,0,480,0.420020187626173
"MORR",2017,"Energy","Measure",NA,"GWh","","","","UK",2717.487,0,1122800,0,480,0.00242027698610616
"MORR",2018,"Scope 1 and 2","Measure","Location","tCO2e","","","","UK",812381,5040,1122800,3,480,0.723531350195939
"MORR",2018,"Scope 1","Measure",NA,"tCO2e","","","","UK",429459,5040,1122800,3,480,0.382489312433203
"MORR",2018,"Energy","Measure",NA,"GWh","","","","UK",2592.286,5040,1122800,3,480,0.00230876914855718
"MORR",2018,"Scope 2","Measure","Location","tCO2e","","","","UK",377755.5,5040,1122800,3,480,0.336440594941218
"MORR",2019,"Scope 2","Measure","Location","tCO2e","","","","UK",323452.75,7000,1129800,3,483,0.286292042839441
"MORR",2019,"Scope 1 and 2","Measure","Market","tCO2e","","","","UK",746805,7000,1129800,3,483,0.661006372809347
"MORR",2019,"Scope 1 - 3","Measure","Location","tCO2e","","","","UK",636410,7000,1129800,3,483,0.563294388387325
"MORR",2019,"Scope 1 and 2","Measure","Location","tCO2e","","","","UK",646583.25,7000,1129800,3,483,0.572298858204992
"MORR",2019,"Energy","Measure",NA,"GWh","","","","UK",1804.466875,7000,1129800,3,483,0.00159715602318994
"MORR",2019,"Scope 3","Measure","Location","tCO2e","","","","UK",912,7000,1129800,3,483,0.000807222517259692
"MORR",2019,"Scope 2","Measure","Market","tCO2e","","","","UK",404395,7000,1129800,3,483,0.357935032749159
"MORR",2019,"Scope 1 - 3","Measure","Market","tCO2e","","","","UK",747733,7000,1129800,3,483,0.661827757125155
"MORR",2019,"Scope 1","Measure",NA,"tCO2e","","","","UK",323128.5,7000,1129800,3,483,0.286005045140733
"MORR",2020,"Scope 1 and 2","Measure","Market","tCO2e","","","","UK",795427,26600,1156400,124,607,0.687847630577655
"MORR",2020,"Scope 2","Measure","Location","tCO2e","","","","UK",273099,26600,1156400,124,607,0.236163092355586
"MORR",2020,"Scope 1 - 3","Measure","Location","tCO2e","","","","UK",622223.5,26600,1156400,124,607,0.538069439640263
"MORR",2020,"Scope 1 - 3","Measure","Market","tCO2e","","","","UK",796254,26600,1156400,124,607,0.688562781044621
"MORR",2020,"Scope 2","Measure","Market","tCO2e","","","","UK",447591,26600,1156400,124,607,0.387055517122103
"MORR",2020,"Scope 1 and 2","Measure","Location","tCO2e","","","","UK",619936.333333333,26600,1156400,124,607,0.536091606133979
"MORR",2020,"Scope 3","Measure","Location","tCO2e","","","","UK",827,26600,1156400,124,607,0.000715150466966448
"MORR",2020,"Scope 1","Measure",NA,"tCO2e","","","","UK",330151,26600,1156400,124,607,0.285498962296783
"MORR",2020,"Energy","Measure",NA,"GWh","","","","UK",2473.3765,26600,1156400,124,607,0.00213885895883777
"MORR",2021,"Scope 2","Measure","Location","tCO2e","","","","UK",225346.5,21560,1177960,121,728,0.191302336242317
"MORR",2021,"Scope 1 - 3","Measure","Location","tCO2e","","","","UK",482270,21560,1177960,121,728,0.409411185439234
"MORR",2021,"Scope 1","Measure",NA,"tCO2e","","","","UK",255567.666666667,21560,1177960,121,728,0.216957848031059
"MORR",2021,"Scope 1 and 2","Measure","Location","tCO2e","","","","UK",551655.666666667,21560,1177960,121,728,0.46831443059753
"MORR",2021,"Scope 3","Measure","Location","tCO2e","","","","UK",741,21560,1177960,121,728,0.000629053618119461
"MORR",2021,"Scope 1 and 2","Measure","Market","tCO2e","","","","UK",792902,21560,1177960,121,728,0.673114536996163
"MORR",2021,"Energy","Measure",NA,"GWh","","","","UK",2390.388,21560,1177960,121,728,0.00202926075588305
"MORR",2021,"Scope 1 - 3","Measure","Market","tCO2e","","","","UK",793630,21560,1177960,121,728,0.673732554585894
"MORR",2021,"Scope 2","Measure","Market","tCO2e","","","","UK",434963,21560,1177960,121,728,0.369251078135081
"MORR",2022,"Scope 1 and 2","Measure","Location","tCO2e","","","","UK",448865,23520,1201480,163,891,0.373593401471518
"MORR",2022,"Energy","Measure",NA,"GWh","","","","UK",2122.7457,23520,1201480,163,891,0.00176677572660386
"MORR",2022,"Scope 1 and 2","Measure","Market","tCO2e","","","","UK",792311,23520,1201480,163,891,0.659445850118188
"MORR",2022,"Scope 2","Measure","Location","tCO2e","","","","UK",221209,23520,1201480,163,891,0.184113759696374
"MORR",2022,"Scope 1","Measure",NA,"tCO2e","","","","UK",277651,23520,1201480,163,891,0.231090821320372
"MORR",2022,"Scope 2","Measure","Market","tCO2e","","","","UK",455505,23520,1201480,163,891,0.379119918766854
"MORR",2022,"Scope 3","Measure","Location","tCO2e","","","","UK",2493.5,23520,1201480,163,891,0.00207535705962646
"MORR",2022,"Scope 1 - 3","Measure","Market","tCO2e","","","","UK",794642,23520,1201480,163,891,0.661385957319306
"MORR",2022,"Scope 1 - 3","Measure","Location","tCO2e","","","","UK",274353.5,23520,1201480,163,891,0.228346289576189
"MORR",2023,"Scope 1 and 2","Measure","Location","tCO2e","","","","UK",418962,54320,1255800,364,1255,0.333621595795509
"MORR",2023,"Energy","Measure",NA,"GWh","","","","UK",1849.3741,54320,1255800,364,1255,0.00147266610925307
"MORR",2023,"Scope 1","Measure",NA,"tCO2e","","","","UK",195846,54320,1255800,364,1255,0.155953177257525
"MORR",2023,"Scope 1 - 3","Measure","Location","tCO2e","","","","UK",419791,54320,1255800,364,1255,0.334281732759994
"MORR",2023,"Scope 2","Measure","Location","tCO2e","","","","UK",223116,54320,1255800,364,1255,0.177668418537984
"MORR",2023,"Scope 3","Measure","Location","tCO2e","","","","UK",829,54320,1255800,364,1255,0.000660136964484791
"OCADO",2012,"Scope 1","Measure",NA,"tCO2e","","","","UK",39530,NA,NA,NA,NA,NA
"OCADO",2012,"Scope 1 and 2","Measure","Location","tCO2e","","","","UK",61143,NA,NA,NA,NA,NA
"OCADO",2012,"Scope 2","Measure","Location","tCO2e","","","","UK",21613,NA,NA,NA,NA,NA
"OCADO",2013,"Scope 1 and 2","Measure","Location","tCO2e","","","","UK",76691,NA,NA,NA,NA,NA
"OCADO",2013,"Scope 1","Measure",NA,"tCO2e","","","","UK",50198,NA,NA,NA,NA,NA
"OCADO",2013,"Scope 2","Measure","Location","tCO2e","","","","UK",26493,NA,NA,NA,NA,NA
"OCADO",2014,"Scope 1","Measure",NA,"tCO2e","","","","UK",63151,NA,NA,NA,NA,NA
"OCADO",2014,"Scope 2","Measure","Location","tCO2e","","","","UK",28602,NA,NA,NA,NA,NA
"OCADO",2014,"Scope 1 and 2","Measure","Location","tCO2e","","","","UK",91753,NA,NA,NA,NA,NA
"OCADO",2015,"Scope 2","Measure","Location","tCO2e","","","","UK",28675,NA,NA,NA,NA,NA
"OCADO",2015,"Scope 1 and 2","Measure","Location","tCO2e","","","","UK",102809,NA,NA,NA,NA,NA
"OCADO",2015,"Scope 1","Measure",NA,"tCO2e","","","","UK",74134,NA,NA,NA,NA,NA
"OCADO",2016,"Scope 1 and 2","Measure","Location","tCO2e","","","","UK",110575,NA,NA,NA,NA,NA
"OCADO",2016,"Scope 1","Measure",NA,"tCO2e","","","","UK",82305,NA,NA,NA,NA,NA
"OCADO",2016,"Scope 2","Measure","Location","tCO2e","","","","UK",28270,NA,NA,NA,NA,NA
"OCADO",2016,"Scope 2","Measure","Market","tCO2e","","","","UK",14510,NA,NA,NA,NA,NA
"OCADO",2017,"Scope 1 and 2","Measure","Market","tCO2e","","","","UK",96486,NA,NA,NA,NA,NA
"OCADO",2017,"Scope 2","Measure","Market","tCO2e","","","","UK",8872,NA,NA,NA,NA,NA
"OCADO",2017,"Scope 1 and 2","Measure","Location","tCO2e","","","","UK",112729,NA,NA,NA,NA,NA
"OCADO",2017,"Scope 2","Measure","Location","tCO2e","","","","UK",25115,NA,NA,NA,NA,NA
"OCADO",2017,"Scope 1","Measure",NA,"tCO2e","","","","UK",87614,NA,NA,NA,NA,NA
"OCADO",2018,"Scope 1 and 2","Measure","Location","tCO2e","","","","UK",109313,NA,NA,NA,NA,NA
"OCADO",2018,"Scope 2","Measure","Market","tCO2e","","","","UK",814,NA,NA,NA,NA,NA
"OCADO",2018,"Scope 1","Measure",NA,"tCO2e","","","","UK",86502,NA,NA,NA,NA,NA
"OCADO",2018,"Scope 2","Measure","Location","tCO2e","","","","UK",22811,NA,NA,NA,NA,NA
"OCADO",2018,"Scope 1 and 2","Measure","Market","tCO2e","","","","UK",87316,NA,NA,NA,NA,NA
"OCADO",2019,"Scope 2","Measure","Location","tCO2e","","","","UK",10921.135,NA,NA,NA,NA,NA
"OCADO",2019,"Scope 1 and 2","Measure","Location","tCO2e","","","","UK",54485.83,NA,NA,NA,NA,NA
"OCADO",2019,"Scope 2","Measure","Market","tCO2e","","","","UK",729,NA,NA,NA,NA,NA
"OCADO",2019,"Scope 1 and 2","Measure","Market","tCO2e","","","","UK",87767,NA,NA,NA,NA,NA
"OCADO",2019,"Scope 3","Measure",NA,"tCO2e","","","","UK",7.7,NA,NA,NA,NA,NA
"OCADO",2019,"Scope 1","Measure",NA,"tCO2e","","","","UK",43564.695,NA,NA,NA,NA,NA
"OCADO",2019,"Energy","Measure",NA,"GWh","","","","UK",424.439,NA,NA,NA,NA,NA
"OCADO",2020,"Scope 2","Measure","Market","tCO2e","","","","UK",1385,NA,NA,NA,NA,NA
"OCADO",2020,"Scope 2","Measure","Location","tCO2e","","","","UK",11382.085,NA,NA,NA,NA,NA
"OCADO",2020,"Scope 1","Measure",NA,"tCO2e","","","","UK",47514.365,NA,NA,NA,NA,NA
"OCADO",2020,"Scope 3","Measure",NA,"tCO2e","","","","UK",11.51,NA,NA,NA,NA,NA
"OCADO",2020,"Scope 1 and 2","Measure","Location","tCO2e","","","","UK",58896.45,NA,NA,NA,NA,NA
"OCADO",2021,"Scope 1 and 2","Measure","Market","tCO2e","","","","UK",97201,NA,NA,NA,NA,NA
"OCADO",2021,"Energy","Measure",NA,"GWh","","","","UK",438.579,NA,NA,NA,NA,NA
"OCADO",2021,"Scope 3","Measure",NA,"tCO2e","","","","UK",457324,NA,NA,NA,NA,NA
"OCADO",2021,"Scope 2","Measure","Market","tCO2e","","","","UK",815,NA,NA,NA,NA,NA
"OCADO",2021,"Scope 1 and 2","Measure","Location","tCO2e","","","","UK",117484,NA,NA,NA,NA,NA
"OCADO",2021,"Scope 1","Measure",NA,"tCO2e","","","","UK",96386,NA,NA,NA,NA,NA
"OCADO",2021,"Scope 2","Measure","Location","tCO2e","","","","UK",21098,NA,NA,NA,NA,NA
"OCADO",2022,"Scope 1 and 2","Measure","Market","tCO2e","","","","UK",94180,NA,NA,NA,NA,NA
"OCADO",2022,"Scope 2","Measure","Market","tCO2e","","","","UK",887,NA,NA,NA,NA,NA
"OCADO",2022,"Scope 3","Measure",NA,"tCO2e","","","","UK",182408.5,NA,NA,NA,NA,NA
"OCADO",2022,"Scope 1","Measure",NA,"tCO2e","","","","UK",93293,NA,NA,NA,NA,NA
"OCADO",2022,"Energy","Measure",NA,"GWh","","","","UK",496.956,NA,NA,NA,NA,NA
"OCADO",2023,"Scope 2","Measure","Market","tCO2e","","","","UK",895,NA,NA,NA,NA,NA
"OCADO",2023,"Scope 1","Measure",NA,"tCO2e","","","","UK",103957,NA,NA,NA,NA,NA
"OCADO",2023,"Energy","Measure",NA,"GWh","","","","UK",529.009,NA,NA,NA,NA,NA
"OCADO",2023,"Scope 1 and 2","Measure","Market","tCO2e","","","","UK",104852,NA,NA,NA,NA,NA
"OCADO",2023,"Scope 3","Measure",NA,"tCO2e","","","","UK",162057,NA,NA,NA,NA,NA
"SAINS",2005,"Scope 1","Measure",NA,"tCO2e","","","","UK",536694,NA,NA,NA,NA,NA
"SAINS",2005,"Scope 1 and 2","Measure","Location","tCO2e","","","","UK",1370465,NA,NA,NA,NA,NA
"SAINS",2005,"Scope 2","Measure","Location","tCO2e","","","","UK",833796,NA,NA,NA,NA,NA
"SAINS",2005,"Scope 1 and 2","Measure","Market","tCO2e","","","","UK",1370481,NA,NA,NA,NA,NA
"SAINS",2005,"Scope 2","Measure","Market","tCO2e","","","","UK",833787,NA,NA,NA,NA,NA
"SAINS",2012,"Scope 1","Measure",NA,"tCO2e","","","","UK",722835,NA,NA,NA,NA,NA
"SAINS",2012,"Scope 2","Measure","Location","tCO2e","","","","UK",771380,NA,NA,NA,NA,NA
"SAINS",2012,"Scope 1 and 2","Measure","Location","tCO2e","","","","UK",1494215,NA,NA,NA,NA,NA
"SAINS",2013,"Scope 1","Measure",NA,"tCO2e","","","","UK",626809,NA,NA,NA,NA,NA
"SAINS",2013,"Scope 2","Measure","Location","tCO2e","","","","UK",736518,NA,NA,NA,NA,NA
"SAINS",2013,"Scope 1 and 2","Measure","Location","tCO2e","","","","UK",1363327,NA,NA,NA,NA,NA
"SAINS",2014,"Scope 2","Measure","Location","tCO2e","","","","UK",794429,NA,1353380,NA,1126,0.586996261212668
"SAINS",2014,"Scope 1 and 2","Measure","Location","tCO2e","","","","UK",1366102,NA,1353380,NA,1126,1.0094001684671
"SAINS",2014,"Scope 1","Measure",NA,"tCO2e","","","","UK",571673,NA,1353380,NA,1126,0.42240390725443
"SAINS",2015,"Scope 2","Measure","Market","tCO2e","","","","UK",541102,79660,1433040,104,1230,0.377590297549266
"SAINS",2015,"Scope 1 and 2","Measure","Market","tCO2e","","","","UK",1130817,79660,1433040,104,1230,0.789103583989281
"SAINS",2015,"Scope 2","Measure","Location","tCO2e","","","","UK",722512,79660,1433040,104,1230,0.504181320828449
"SAINS",2015,"Scope 1 and 2","Measure","Location","tCO2e","","","","UK",1323603,79660,1433040,104,1230,0.923632976050913
"SAINS",2015,"Scope 1","Measure",NA,"tCO2e","","","","UK",601091,79660,1433040,104,1230,0.419451655222464
"SAINS",2016,"Scope 2","Measure","Market","tCO2e","","","","UK",518598,7280,1440320,18,1248,0.360057487225061
"SAINS",2016,"Scope 1","Measure",NA,"tCO2e","","","","UK",580200.5,7280,1440320,18,1248,0.402827496667407
"SAINS",2016,"Scope 1 and 2","Measure","Market","tCO2e","","","","UK",1082454.5,7280,1440320,18,1248,0.751537505554321
"SAINS",2016,"Scope 1 and 2","Measure","Location","tCO2e","","","","UK",1215160.5,7280,1440320,18,1248,0.843673975227727
"SAINS",2016,"Scope 2","Measure","Location","tCO2e","","","","UK",634960,7280,1440320,18,1248,0.44084647856032
"SAINS",2017,"Scope 1 and 2","Measure","Location","tCO2e","","","","UK",1043231,22400,1462720,74,1322,0.713213055130168
"SAINS",2017,"Scope 2","Measure","Location","tCO2e","","","","UK",529897,22400,1462720,74,1322,0.362268239991249
"SAINS",2017,"Scope 2","Measure","Market","tCO2e","","","","UK",418084,22400,1462720,74,1322,0.285826405600525
"SAINS",2017,"Scope 1 and 2","Measure","Market","tCO2e","","","","UK",922603,22400,1462720,74,1322,0.63074477685408
"SAINS",2017,"Scope 1","Measure",NA,"tCO2e","","","","UK",516333,22400,1462720,74,1322,0.352995105009845
"SAINS",2018,"Scope 1 and 2","Measure","Market","tCO2e","","","","UK+",949744,8400,1471120,8,1330,0.645592473761488
"SAINS",2018,"Scope 1","Measure",NA,"tCO2e","","","","UK",480710,8400,1471120,8,1330,0.326764641905487
"SAINS",2018,"Scope 2","Measure","Location","tCO2e","","","","UK",412403.5,8400,1471120,8,1330,0.280333011583012
"SAINS",2018,"Scope 1 and 2","Measure","Market","tCO2e","","","","UK",830345,8400,1471120,8,1330,0.564430501930502
"SAINS",2018,"Scope 2","Measure","Market","tCO2e","","","","UK",356434.5,8400,1471120,8,1330,0.242287848713905
"SAINS",2018,"Scope 1 and 2","Measure","Location","tCO2e","","","","UK",893619,8400,1471120,8,1330,0.607441269237044
"SAINS",2019,"Scope 1 and 2","Measure","Location","tCO2e","","","","UK+",810471,7280,1478400,18,1348,0.548208198051948
"SAINS",2019,"Scope 2","Measure","Location","tCO2e","","","","UK+",362995,7280,1478400,18,1348,0.245532332251082
"SAINS",2019,"Scope 1 and 2","Measure","Market","tCO2e","","","","UK+",788687,7280,1478400,18,1348,0.5334733495671
"SAINS",2019,"Scope 1","Measure",NA,"tCO2e","","","","UK+",447422,7280,1478400,18,1348,0.30263933982684
"SAINS",2019,"Scope 1 and 2","Measure","Location","tCO2e","","","","UK",800833,7280,1478400,18,1348,0.541688988095238
"SAINS",2019,"Energy","Measure",NA,"GWh","","","","UK+",2777.6053,7280,1478400,18,1348,0.00187879146374459
"SAINS",2019,"Scope 1 and 2","Measure","Market","tCO2e","","","","UK",739032,7280,1478400,18,1348,0.499886363636364
"SAINS",2019,"Scope 2","Measure","Market","tCO2e","","","","UK+",289272,7280,1478400,18,1348,0.195665584415584
"SAINS",2019,"Scope 2","Measure","Location","tCO2e","","","","UK",352644,7280,1478400,18,1348,0.238530844155844
"SAINS",2019,"Scope 1","Measure",NA,"tCO2e","","","","UK",488189,7280,1478400,18,1348,0.330214420995671
"SAINS",2019,"Scope 2","Measure","Market","tCO2e","","","","UK",290843,7280,1478400,18,1348,0.19672821969697
"SAINS",2020,"Energy","Measure",NA,"GWh","","","","UK+",2879.0194,3920,1482320,14,1362,0.00194223878784608
"SAINS",2020,"Scope 1 and 2","Measure","Location","tCO2e","","","","UK+",752098.565,3920,1482320,14,1362,0.507379354660262
"SAINS",2020,"Scope 1 and 2","Measure","Market","tCO2e","","","","UK+",766225,3920,1482320,14,1362,0.516909304333747
"SAINS",2020,"Scope 2","Measure","Location","tCO2e","","","","UK+",303758.56,3920,1482320,14,1362,0.204921042689838
"SAINS",2020,"Scope 2","Measure","Market","tCO2e","","","","UK+",266283.325,3920,1482320,14,1362,0.179639568379297
"SAINS",2020,"Scope 1","Measure",NA,"tCO2e","","","","UK+",448340.505,3920,1482320,14,1362,0.302458649279508
"SAINS",2021,"Scope 1 and 2","Measure","Market","tCO2e","","","","UK+",706781.606666667,11760,1494080,22,1384,0.473054727100735
"SAINS",2021,"Scope 1","Measure",NA,"tCO2e","","","","UK+",448851.995,11760,1494080,22,1384,0.300420322204969
"SAINS",2021,"Scope 2","Measure","Market","tCO2e","","","","UK+",218145.26,11760,1494080,22,1384,0.146006411972585
"SAINS",2021,"Scope 1 and 2","Measure","Location","tCO2e","","","","UK+",694173.28,11760,1494080,22,1384,0.464615870636111
"SAINS",2021,"Scope 2","Measure","Location","tCO2e","","","","UK+",237041.41,11760,1494080,22,1384,0.158653760173485
"SAINS",2021,"Energy","Measure",NA,"GWh","","","","UK+",2697.93135,11760,1494080,22,1384,0.00180574758379739
"SAINS",2022,"Scope 2","Measure","Location","tCO2e","","","","UK+",214014.665,1540,1495620,11,1395,0.143094278626924
"SAINS",2022,"Scope 1","Measure",NA,"tCO2e","","","","UK+",399009.45,1540,1495620,11,1395,0.266785313114294
"SAINS",2022,"Scope 2","Measure","Market","tCO2e","","","","UK+",0,1540,1495620,11,1395,0
"SAINS",2022,"Scope 1 and 2","Measure","Location","tCO2e","","","","UK+",613024.115,1540,1495620,11,1395,0.409879591741218
"SAINS",2022,"Scope 1 and 2","Measure","Market","tCO2e","","","","UK+",399009.45,1540,1495620,11,1395,0.266785313114294
"SAINS",2022,"Energy","Measure",NA,"GWh","","","","UK+",2550.89535,1540,1495620,11,1395,0.00170557718538131
"SAINS",2023,"Energy","Measure",NA,"GWh","","","","UK+",2533.8137,8260,1503880,25,1420,0.00168485098545097
"SAINS",2023,"Scope 2","Measure","Market","tCO2e","","","","UK+",0,8260,1503880,25,1420,0
"SAINS",2023,"Scope 2","Measure","Location","tCO2e","","","","UK+",233869.42,8260,1503880,25,1420,0.155510692342474
"SAINS",2023,"Scope 1","Measure",NA,"tCO2e","","","","UK+",403057.23,8260,1503880,25,1420,0.268011563422614
"SAINS",2023,"Scope 1 and 2","Measure","Location","tCO2e","","","","UK+",636926.65,8260,1503880,25,1420,0.423522255765088
"SAINS",2023,"Scope 1 and 2","Measure","Market","tCO2e","","","","UK+",403057.23,8260,1503880,25,1420,0.268011563422614
"TESC",2006,"Scope 1 and 2","Measure","Location","tCO2e","","","","Global",3858707.2,NA,NA,NA,NA,NA
"TESC",2006,"Scope 1 - 3","Measure","Location","tCO2e","","","","Global",4816385.4,NA,NA,NA,NA,NA
"TESC",2006,"Scope 1 and 2","Measure","Market","tCO2e","","","","UK",1751572,NA,NA,NA,NA,NA
"TESC",2006,"Scope 1","Measure",NA,"tCO2e","","","","Global",1353168.6,NA,NA,NA,NA,NA
"TESC",2006,"Scope 3","Measure","Location","tCO2e","","","","Global",802829.4,NA,NA,NA,NA,NA
"TESC",2006,"Scope 2","Measure","Location","tCO2e","","","","Global",2505556.6,NA,NA,NA,NA,NA
"TESC",2011,"Scope 1 - 3","Measure","Location","tCO2e","","","","Global",5577880,NA,NA,NA,NA,NA
"TESC",2011,"Scope 2","Measure","Location","tCO2e","","","","Global",3587747,NA,NA,NA,NA,NA
"TESC",2011,"Scope 1","Measure",NA,"tCO2e","","","","Global",1465494,NA,NA,NA,NA,NA
"TESC",2011,"Scope 3","Measure","Location","tCO2e","","","","Global",524639,NA,NA,NA,NA,NA
"TESC",2011,"Scope 1 and 2","Measure","Location","tCO2e","","","","Global",5053241,NA,NA,NA,NA,NA
"TESC",2012,"Scope 1","Measure",NA,"tCO2e","","","","Global",1426793,NA,NA,NA,NA,NA
"TESC",2012,"Scope 1 - 3","Measure","Location","tCO2e","","","","Global",6036600.5,NA,NA,NA,NA,NA
"TESC",2012,"Scope 3","Measure","Location","tCO2e","","","","Global",574321,NA,NA,NA,NA,NA
"TESC",2012,"Scope 1 and 2","Measure","Location","tCO2e","","","","Global",5053451,NA,NA,NA,NA,NA
"TESC",2012,"Scope 2","Measure","Location","tCO2e","","","","Global",3626658,NA,NA,NA,NA,NA
"TESC",2013,"Scope 3","Measure","Location","tCO2e","","","","Global",892541.5,NA,NA,NA,NA,NA
"TESC",2013,"Scope 2","Measure","Location","tCO2e","","","","Global",3222800.5,NA,NA,NA,NA,NA
"TESC",2013,"Scope 1 and 2","Measure","Location","tCO2e","","","","Global",4568224.5,NA,NA,NA,NA,NA
"TESC",2013,"Scope 1 - 3","Measure","Location","tCO2e","","","","Global",6008192.5,NA,NA,NA,NA,NA
"TESC",2013,"Scope 1","Measure",NA,"tCO2e","","","","Global",1345424,NA,NA,NA,NA,NA
"TESC",2014,"Scope 2","Measure","Location","tCO2e","","","","Global",2938067.5,NA,2107280,NA,2485,1.39424637447325
"TESC",2014,"Scope 1 - 3","Measure","Location","tCO2e","","","","Global",5445360.5,NA,2107280,NA,2485,2.58407069777153
"TESC",2014,"Scope 1 and 2","Measure","Market","tCO2e","","","","Global",3443697,NA,2107280,NA,2485,1.63419052048138
"TESC",2014,"Scope 3","Measure","Location","tCO2e","","","","Global",1191741.5,NA,2107280,NA,2485,0.565535429558483
"TESC",2014,"Scope 1","Measure",NA,"tCO2e","","","","Global",1315551.5,NA,2107280,NA,2485,0.624288893739797
"TESC",2014,"Scope 2","Measure","Market","tCO2e","","","","Global",2125885,NA,2107280,NA,2485,1.00882891689761
"TESC",2014,"Scope 1 and 2","Measure","Location","tCO2e","","","","Global",4253619,NA,2107280,NA,2485,2.01853526821305
"TESC",2015,"Scope 1 and 2","Measure","Location","tCO2e","","","","Global",3674469.75,26740,2134020,68,2553,1.72185347372564
"TESC",2015,"Scope 1 - 3","Measure","Location","tCO2e","","","","Global",4274556.75,26740,2134020,68,2553,2.00305374363877
"TESC",2015,"Energy","Measure",NA,"GWh","","","","UK",5502,26740,2134020,68,2553,0.00257823263137178
"TESC",2015,"Scope 2","Measure","Location","tCO2e","","","","Global",2354986,26740,2134020,68,2553,1.10354448411917
"TESC",2015,"Scope 1","Measure",NA,"tCO2e","","","","Global",1319483.75,26740,2134020,68,2553,0.61830898960647
"TESC",2015,"Scope 1 and 2","Measure","Market","tCO2e","","","","Global",3116472.25,26740,2134020,68,2553,1.46037630856318
"TESC",2015,"Scope 3","Measure","Location","tCO2e","","","","Global",1009996,26740,2134020,68,2553,0.473283286942016
"TESC",2015,"Energy","Measure",NA,"GWh","","","","Global",6823,26740,2134020,68,2553,0.00319725213446922
"TESC",2015,"Scope 2","Measure","Market","tCO2e","","","","Global",1797006,26740,2134020,68,2553,0.84207551944218
"TESC",2016,"Scope 2","Measure","Market","tCO2e","","","","Global",1582275,10640,2144660,33,2586,0.737774285900795
"TESC",2016,"Scope 3","Measure","Location","tCO2e","","","","Global",1073721,10640,2144660,33,2586,0.50064858765492
"TESC",2016,"Scope 1 and 2","Measure","Location","tCO2e","","","","Global",3594225,10640,2144660,33,2586,1.67589501366184
"TESC",2016,"Scope 1","Measure",NA,"tCO2e","","","","Global",1236980,10640,2144660,33,2586,0.57677207576026
"TESC",2016,"Scope 2","Measure","Location","tCO2e","","","","Global",2357245,10640,2144660,33,2586,1.09912293790158
"TESC",2016,"Scope 1 - 3","Measure","Location","tCO2e","","","","Global",3892977,10640,2144660,33,2586,1.81519541559035
"TESC",2016,"Scope 1 and 2","Measure","Market","tCO2e","","","","Global",2664429,10640,2144660,33,2586,1.24235496535581
"TESC",2017,"Scope 1 and 2","Measure","Location","tCO2e","","","","Global",3466738.5,5600,2150260,21,2607,1.61224154288319
"TESC",2017,"Scope 2","Measure","Market","tCO2e","","","","Global",1169471.5,5600,2150260,21,2607,0.543874461693005
"TESC",2017,"Scope 2","Measure","Location","tCO2e","","","","Global",2107367,5600,2150260,21,2607,0.980052179736404
"TESC",2017,"Scope 3","Measure","Location","tCO2e","","","","Global",992152,5600,2150260,21,2607,0.461410248063025
"TESC",2017,"Scope 1 - 3","Measure","Location","tCO2e","","","","Global",3521023,5600,2150260,21,2607,1.63748709458391
"TESC",2017,"Scope 1 and 2","Measure","Market","tCO2e","","","","Global",2528843,5600,2150260,21,2607,1.17606382483979
"TESC",2017,"Scope 1","Measure",NA,"tCO2e","","","","Global",1359371.5,5600,2150260,21,2607,0.632189363146782
"TESC",2018,"Scope 1 and 2","Measure","Location","tCO2e","","","","Global",2636700.5,1260,2151520,9,2616,1.22550592139511
"TESC",2018,"Scope 3","Measure","Location","tCO2e","","","","Global",769277,1260,2151520,9,2616,0.357550475942589
"TESC",2018,"Scope 1 and 2","Measure","Market","tCO2e","","","","Global",1874114.5,1260,2151520,9,2616,0.871065339852755
"TESC",2018,"Scope 2","Measure","Location","tCO2e","","","","Global",1413689,1260,2151520,9,2616,0.657065237599465
"TESC",2018,"Scope 2","Measure","Market","tCO2e","","","","Global",651103,1260,2151520,9,2616,0.302624656057113
"TESC",2018,"Scope 1","Measure",NA,"tCO2e","","","","Global",1223011.5,1260,2151520,9,2616,0.568440683795642
"TESC",2018,"Scope 1 - 3","Measure","Location","tCO2e","","","","Global",2643391,1260,2151520,9,2616,1.2286155834015
"TESC",2019,"Scope 1 and 2","Measure","Location","tCO2e","","","","Global",2406974,3080,2154600,3,2619,1.11713264643089
"TESC",2019,"Scope 2","Measure","Location","tCO2e","","","","Global",1228363.5,3080,2154600,3,2619,0.570112085769981
"TESC",2019,"Scope 3","Measure","Location","tCO2e","","","","Global",688547.5,3080,2154600,3,2619,0.31957091803583
"TESC",2019,"Scope 2","Measure","Market","tCO2e","","","","Global",499073.5,3080,2154600,3,2619,0.231631625359696
"TESC",2019,"Scope 1 and 2","Measure","Market","tCO2e","","","","UK",905053,3080,2154600,3,2619,0.420056158915808
"TESC",2019,"Scope 1","Measure",NA,"tCO2e","","","","Global",1178610.5,3080,2154600,3,2619,0.547020560660912
"TESC",2019,"Energy","Measure",NA,"GWh","","","","Global",6443,3080,2154600,3,2619,0.00299034623596027
"TESC",2019,"Scope 1 and 2","Measure","Market","tCO2e","","","","Global",1677684,3080,2154600,3,2619,0.778652186020607
"TESC",2019,"Scope 1 - 3","Measure","Location","tCO2e","","","","Global",2366231.5,3080,2154600,3,2619,1.09822310405644
"TESC",2020,"Energy","Measure",NA,"GWh","","","","Global",6089,10360,2164960,74,2693,0.00281252309511492
"TESC",2020,"Energy","Measure",NA,"GWh","","","","UK",5171.5,10360,2164960,74,2693,0.00238872773630922
"TESC",2020,"Scope 2","Measure","Location","tCO2e","","","","Global",718222,10360,2164960,74,2693,0.331748392580001
"TESC",2020,"Scope 1 - 3","Measure","Location","tCO2e","","","","Global",1537957,10360,2164960,74,2693,0.710385873180105
"TESC",2020,"Scope 1 and 2","Measure","Location","tCO2e","","","","Global",1771373,10360,2164960,74,2693,0.81820126006947
"TESC",2020,"Scope 1 and 2","Measure","Market","tCO2e","","","","UK",880039,10360,2164960,74,2693,0.406492036804375
"TESC",2020,"Scope 1","Measure",NA,"tCO2e","","","","Global",1053151,10360,2164960,74,2693,0.486452867489469
"TESC",2020,"Scope 3","Measure","Location","tCO2e","","","","Global",471195,10360,2164960,74,2693,0.217646053506762
"TESC",2020,"Scope 1 and 2","Measure","Market","tCO2e","","","","Global",1066782,10360,2164960,74,2693,0.492749057719311
"TESC",2020,"Scope 2","Measure","Market","tCO2e","","","","Global",13631,10360,2164960,74,2693,0.00629619022984258
"TESC",2021,"Energy","Measure",NA,"GWh","","","","UK",5203,11760,2176720,32,2725,0.00239029365283546
"TESC",2021,"Scope 3","Measure","Location","tCO2e","","","","Global",593405,11760,2176720,32,2725,0.272614300415304
"TESC",2021,"Scope 1 - 3","Measure","Location","tCO2e","","","","Global",1719610,11760,2176720,32,2725,0.790000551288177
"TESC",2021,"Scope 2","Measure","Market","tCO2e","","","","Global",16107,11760,2176720,32,2725,0.00739966555183946
"TESC",2021,"Energy","Measure",NA,"GWh","","","","Global",6263,11760,2176720,32,2725,0.00287726487559263
"TESC",2021,"Scope 1 and 2","Measure","Market","tCO2e","","","","UK",936257,11760,2176720,32,2725,0.430122845382043
"TESC",2021,"Scope 1","Measure",NA,"tCO2e","","","","Global",1110098,11760,2176720,32,2725,0.509986585321033
"TESC",2021,"Scope 1 and 2","Measure","Location","tCO2e","","","","Global",1752435,11760,2176720,32,2725,0.805080579955162
"TESC",2021,"Scope 1 and 2","Measure","Market","tCO2e","","","","Global",1126205,11760,2176720,32,2725,0.517386250872873
"TESC",2021,"Scope 2","Measure","Location","tCO2e","","","","Global",642337,11760,2176720,32,2725,0.295093994634128
"TESC",2022,"Energy","Measure",NA,"GWh","","","","Global",6000,16520,2193240,65,2790,0.0027356787218909
"TESC",2022,"Energy","Measure",NA,"GWh","","","","UK",5037,16520,2193240,65,2790,0.00229660228702741
"TESC",2022,"Scope 1 and 2","Measure","Market","tCO2e","","","","UK",888676,16520,2193240,65,2790,0.40518867064252
"TESC",2022,"Scope 2","Measure","Market","tCO2e","","","","Global",7796,16520,2193240,65,2790,0.00355455855264358
"TESC",2022,"Scope 1 - 3","Measure","Location","tCO2e","","","","Global",1614333,16520,2193240,65,2790,0.736049406357717
"TESC",2022,"Scope 3","Measure","Location","tCO2e","","","","Global",567191,16520,2193240,65,2790,0.258608724991337
"TESC",2022,"Scope 1","Measure",NA,"tCO2e","","","","Global",1039346,16520,2193240,65,2790,0.473886122813737
"TESC",2022,"Scope 2","Measure","Location","tCO2e","","","","Global",575462,16520,2193240,65,2790,0.262379858109464
"TESC",2022,"Scope 1 and 2","Measure","Market","tCO2e","","","","Global",1047142,16520,2193240,65,2790,0.47744068136638
"TESC",2022,"Scope 1 and 2","Measure","Location","tCO2e","","","","Global",1614808,16520,2193240,65,2790,0.7362659809232
"TESC",2023,"Scope 1 - 3","Measure","Location","tCO2e","","","","Global",1438559,10640,2203880,47,2837,0.652739259850809
"TESC",2023,"Scope 1 and 2","Measure","Location","tCO2e","","","","Global",1490729,10640,2203880,47,2837,0.676411147612393
"TESC",2023,"Energy","Measure",NA,"GWh","","","","UK",4638,10640,2203880,47,2837,0.00210447029783836
"TESC",2023,"Scope 1 and 2","Measure","Market","tCO2e","","","","Global",909089,10640,2203880,47,2837,0.412494781930051
"TESC",2023,"Scope 1 and 2","Measure","Market","tCO2e","","","","UK",772944,10640,2203880,47,2837,0.350719639907799
"TESC",2023,"Energy","Measure",NA,"GWh","","","","Global",5511,10640,2203880,47,2837,0.00250058986877688
"TESC",2023,"Scope 2","Measure","Market","tCO2e","","","","Global",6259,10640,2203880,47,2837,0.00283999128809191
"TESC",2023,"Scope 1","Measure",NA,"tCO2e","","","","Global",902830,10640,2203880,47,2837,0.409654790641959
"TESC",2023,"Scope 2","Measure","Location","tCO2e","","","","Global",587899,10640,2203880,47,2837,0.266756356970434
"TESC",2023,"Scope 3","Measure","Location","tCO2e","","","","Global",529470,10640,2203880,47,2837,0.240244477920758
